{"1": 6.162809472318656e-16, "2": 1.746639914658383e-09, "2.5": 4.6534732793239276e-07}