{"1": 1.7902497593159156e-14, "2": 5.176885284008423e-08, "2.5": 1.3931809408495348e-05}