{"1": 1.988335878933037e-14, "2": 5.552040493563363e-08, "2.5": 1.4682350491995308e-05}