{"1": 6.629501924471834e-16, "1.5": 2.241162049520778e-12, "2": 1.8712130027184595e-09, "2.5": 5.032915381054074e-07}