{"1": {"e_min_gev": [100, 316, 1000, 3162, 10000, 31622, 100000, 316227, 1000000, 3162277, 10000000], "e_max_gev": [100000000, 10000000, 3162277, 1000000], "sens_min": [1.1805468041153144e-15, 1.5825382439517786e-15, 1.4650088651578348e-15, 1.48275863238856e-15, 1.6579685934902861e-15, 1.3337416298914255e-15, 1.1730692348940312e-15, 1.5357722517827281e-15, 1.6734593771164336e-15, 1.9576479256709902e-15, 1.9852463860804506e-15], "sens_min_err": [[3.301559526922634e-16, 7.492087819586949e-16], [3.939271344682961e-16, 7.844687639693504e-16], [3.759004237612949e-16, 7.721414224321387e-16], [3.786534876625526e-16, 7.739340341276179e-16], [4.0525111560634e-16, 7.92826302092352e-16], [3.551582448156422e-16, 7.598175076996933e-16], [3.2891454918115057e-16, 7.488538085380447e-16], [3.8681351688661176e-16, 7.794544291709244e-16], [4.075622161029838e-16, 7.94606833078474e-16], [4.485617053043976e-16, 8.280109318105652e-16], [4.5242124463551425e-16, 8.313258065350224e-16]], "sens_max": [2.1260998190561327e-15, 6.4422961127516696e-15, 1.2285804618617236e-14, 3.782095250119465e-14], "sens_max_err": [[4.718795462026734e-16, 8.485396765784557e-16], [1.111500247754606e-15, 1.6971111709190658e-15], [2.4209430334980314e-15, 3.995641931880312e-15], [1.2764933257617548e-14, 3.9279029938344596e-14]], "nominal_sensitivity": 1.2692566406217416e-15}, "2": {"e_min_gev": [100, 316, 1000, 3162, 10000, 31622], "e_max_gev": [10000000, 3162277, 1000000, 316227, 100000], "sens_min": [4.599571756372198e-09, 4.52292977026826e-09, 4.8853873772368835e-09, 4.449802362299764e-09, 5.7490743208218785e-09, 6.114482198629693e-09], "sens_min_err": [[9.252275804349317e-10, 1.5480066047935212e-09], [9.168604572778124e-10, 1.5420503500850873e-09], [9.642353952891553e-10, 1.593099869669939e-09], [9.072540357377194e-10, 1.5319356041138358e-09], [1.0783491005428623e-09, 1.7257405450261366e-09], [1.1276822735939008e-09, 1.786727902691409e-09]], "sens_max": [4.8970302037569986e-09, 5.988770167596412e-09, 6.849301076401429e-09, 8.307228592928138e-09, 1.3700146998137164e-08], "sens_max_err": [[9.657678552704257e-10, 1.5948080051727752e-09], [1.1106291473387317e-09, 1.7654364283906094e-09], [1.2297951615903904e-09, 1.9188593047627036e-09], [1.0775781723830848e-09, 1.455068770918688e-09], [2.4256967659948737e-09, 3.755602683945547e-09]], "nominal_sensitivity": 4.7644707229296046e-09}}