,gamma,N
0,1.0,3.7609355402231435
1,1.5,3.8118788296132124
2,2.0,2.8618137159619232
3,2.5,1.3256236620701813
4,3.0,0.2837889863053837
5,3.5,0.03316837370703894
